timestamp, gps_lat, gps_long, gps_alt, gps_alt_ellipsoid, gps_eph, gps_epv
1706113072443793, 47.397742276553820773, 8.5455961398182278543, 493.79339599609375, 493.79339599609375, 0.89999997615814208984, 1.7799999713897705078
1706113072567793, 47.397743042211949671, 8.545593534095413446, 493.840301513671875, 493.840301513671875, 0.89999997615814208984, 1.7799999713897705078
1706113072695793, 47.397744269590155852, 8.5455931185738513989, 493.27874755859375, 493.27874755859375, 0.89999997615814208984, 1.7799999713897705078
1706113072819793, 47.397742134498230371, 8.5455984003794664972, 493.61260986328125, 493.61260986328125, 0.89999997615814208984, 1.7799999713897705078
1706113072944110, 47.39774102513702303, 8.5455946363129218213, 493.63177490234375, 493.63177490234375, 0.89999997615814208984, 1.7799999713897705078
1706113073068110, 47.397742241028787191, 8.5455965432001850246, 493.392974853515625, 493.392974853515625, 0.89999997615814208984, 1.7799999713897705078
1706113073196110, 47.39774377231415059, 8.5455956683328686552, 491.917510986328125, 491.917510986328125, 0.89999997615814208984, 1.7799999713897705078
1706113073320110, 47.397742847362096086, 8.5456005875929221816, 492.59698486328125, 492.59698486328125, 0.89999997615814208984, 1.7799999713897705078
1706113073444110, 47.397744302645293146, 8.5455969427862541465, 492.1649169921875, 492.1649169921875, 0.89999997615814208984, 1.7799999713897705078
1706113073568110, 47.397741808365772442, 8.5455968541943114758, 493.7099609375, 493.7099609375, 0.89999997615814208984, 1.7799999713897705078
1706113073696110, 47.397743799111026419, 8.5455967536942250007, 493.9205322265625, 493.9205322265625, 0.89999997615814208984, 1.7799999713897705078
1706113073820110, 47.397741659523845215, 8.5455954185007527713, 493.20513916015625, 493.20513916015625, 0.89999997615814208984, 1.7799999713897705078
1706113073944110, 47.397742094507172794, 8.5455972088147991172, 493.274017333984375, 493.274017333984375, 0.89999997615814208984, 1.7799999713897705078
1706113074068110, 47.397740587017857194, 8.5455951458970531576, 493.037506103515625, 493.037506103515625, 0.89999997615814208984, 1.7799999713897705078
1706113074196110, 47.397745601958853001, 8.5455967063161590858, 492.98773193359375, 492.98773193359375, 0.89999997615814208984, 1.7799999713897705078
1706113074320110, 47.397746208939381063, 8.5455979945663091968, 493.208831787109375, 493.208831787109375, 0.89999997615814208984, 1.7799999713897705078
1706113074444110, 47.397744375975122466, 8.5455958639491047535, 493.73297119140625, 493.73297119140625, 0.89999997615814208984, 1.7799999713897705078
1706113074568110, 47.397740250172617493, 8.5455975912044728204, 493.392303466796875, 493.392303466796875, 0.89999997615814208984, 1.7799999713897705078
1706113074696110, 47.397741550181407888, 8.5455965868485339598, 492.414215087890625, 492.414215087890625, 0.89999997615814208984, 1.7799999713897705078
1706113074820110, 47.39774174825357278, 8.5455978526462299527, 491.809844970703125, 491.809844970703125, 0.89999997615814208984, 1.7799999713897705078
1706113074944110, 47.397740657826247457, 8.545599193939105831, 494.375274658203125, 494.375274658203125, 0.89999997615814208984, 1.7799999713897705078
1706113075068110, 47.397742316665798512, 8.5455949901200547458, 493.706878662109375, 493.706878662109375, 0.89999997615814208984, 1.7799999713897705078
1706113075196110, 47.397741876787854665, 8.5455933020855958659, 492.742095947265625, 492.742095947265625, 0.89999997615814208984, 1.7799999713897705078
1706113075320110, 47.397739336222798556, 8.5455935284146029574, 493.0491943359375, 493.0491943359375, 0.89999997615814208984, 1.7799999713897705078
1706113075444110, 47.397745355064536454, 8.5455935194116889875, 494.015411376953125, 494.015411376953125, 0.89999997615814208984, 1.7799999713897705078
1706113075568110, 47.397739569216163602, 8.545598132437907779, 492.1136474609375, 492.1136474609375, 0.89999997615814208984, 1.7799999713897705078
1706113075696110, 47.39774393870879976, 8.5455943412650210433, 493.22576904296875, 493.22576904296875, 0.89999997615814208984, 1.7799999713897705078
1706113075820110, 47.397743386929754195, 8.5455952812163786803, 493.023712158203125, 493.023712158203125, 0.89999997615814208984, 1.7799999713897705078
1706113075944110, 47.397741530567095936, 8.5455920501517184107, 492.979583740234375, 492.979583740234375, 0.89999997615814208984, 1.7799999713897705078
1706113076068110, 47.397743245295465897, 8.5455964320324149242, 493.376617431640625, 493.376617431640625, 0.89999997615814208984, 1.7799999713897705078
1706113076196110, 47.39774163743431501, 8.5455935685138726399, 493.36273193359375, 493.36273193359375, 0.89999997615814208984, 1.7799999713897705078
1706113076320110, 47.397741922081060295, 8.5455940515675070657, 492.06561279296875, 492.06561279296875, 0.89999997615814208984, 1.7799999713897705078
1706113076444110, 47.397743457735884931, 8.5455971315846674941, 492.895233154296875, 492.895233154296875, 0.89999997615814208984, 1.7799999713897705078
1706113076568110, 47.397737936579545703, 8.5455959350415433562, 492.0455322265625, 492.0455322265625, 0.89999997615814208984, 1.7799999713897705078
1706113076696110, 47.397744083300928253, 8.5455974272032797501, 492.853851318359375, 492.853851318359375, 0.89999997615814208984, 1.7799999713897705078
1706113076820110, 47.397738797913952169, 8.5455947463672092823, 492.75311279296875, 492.75311279296875, 0.89999997615814208984, 1.7799999713897705078
1706113076944110, 47.397741022519056742, 8.5455956732152777988, 492.773773193359375, 492.773773193359375, 0.89999997615814208984, 1.7799999713897705078
1706113077068110, 47.397737712414070188, 8.5455915171816609899, 492.684417724609375, 492.684417724609375, 0.89999997615814208984, 1.7799999713897705078
1706113077196110, 47.39773950543060721, 8.545596695070738491, 492.81719970703125, 492.81719970703125, 0.89999997615814208984, 1.7799999713897705078
1706113077320110, 47.397745128646441515, 8.5455946274336280766, 493.268768310546875, 493.268768310546875, 0.89999997615814208984, 1.7799999713897705078
1706113077444110, 47.397739335210346212, 8.5455987630508616348, 492.8408203125, 492.8408203125, 0.89999997615814208984, 1.7799999713897705078
1706113077568110, 47.397742039752998267, 8.5455995766288523896, 492.49993896484375, 492.49993896484375, 0.89999997615814208984, 1.7799999713897705078
1706113077696110, 47.397742912721369635, 8.5455943977389345889, 492.7369384765625, 492.7369384765625, 0.89999997615814208984, 1.7799999713897705078
1706113077820110, 47.3977399594276676, 8.5455990081104022948, 492.943389892578125, 492.943389892578125, 0.89999997615814208984, 1.7799999713897705078
1706113077944110, 47.397741090619483373, 8.5456001252763140741, 493.035400390625, 493.035400390625, 0.89999997615814208984, 1.7799999713897705078
1706113078068110, 47.397743577784645197, 8.5455946261650463924, 492.73480224609375, 492.73480224609375, 0.89999997615814208984, 1.7799999713897705078
1706113078196110, 47.397739105094245815, 8.5455976043470052161, 493.334930419921875, 493.334930419921875, 0.89999997615814208984, 1.7799999713897705078
1706113078320110, 47.397742233971762005, 8.5455984159647169207, 493.149566650390625, 493.149566650390625, 0.89999997615814208984, 1.7799999713897705078
1706113078444110, 47.397743222396314877, 8.5455930447622652224, 492.6802978515625, 492.6802978515625, 0.89999997615814208984, 1.7799999713897705078
1706113078568110, 47.397744387574810787, 8.5455944136900523489, 493.62750244140625, 493.62750244140625, 0.89999997615814208984, 1.7799999713897705078
1706113078696110, 47.397742735737004693, 8.5455949803336963555, 493.301727294921875, 493.301727294921875, 0.89999997615814208984, 1.7799999713897705078
1706113078820110, 47.397738970030061978, 8.545595692566589463, 492.995513916015625, 492.995513916015625, 0.89999997615814208984, 1.7799999713897705078
1706113078944110, 47.397741983721530801, 8.5455948886985808599, 492.9444580078125, 492.9444580078125, 0.89999997615814208984, 1.7799999713897705078
1706113079068110, 47.39774428445297616, 8.5455956578166958337, 492.941680908203125, 492.941680908203125, 0.89999997615814208984, 1.7799999713897705078
1706113079196110, 47.397745117238827106, 8.5455962978543098529, 493.35296630859375, 493.35296630859375, 0.89999997615814208984, 1.7799999713897705078
1706113079320110, 47.397741617783658796, 8.5455991108402997725, 493.323455810546875, 493.323455810546875, 0.89999997615814208984, 1.7799999713897705078
1706113079444110, 47.397747044186850474, 8.5455990635059499994, 492.694244384765625, 492.694244384765625, 0.89999997615814208984, 1.7799999713897705078
1706113079568110, 47.397743653526511309, 8.5455938798572237403, 492.477264404296875, 492.477264404296875, 0.89999997615814208984, 1.7799999713897705078
1706113079696110, 47.397741810735197987, 8.5455985361572572856, 492.818756103515625, 492.818756103515625, 0.89999997615814208984, 1.7799999713897705078
1706113079820110, 47.39774221412331201, 8.5455957085669886908, 493.889495849609375, 493.889495849609375, 0.89999997615814208984, 1.7799999713897705078
1706113079944110, 47.397743627813774481, 8.5455933736374660725, 493.611541748046875, 493.611541748046875, 0.89999997615814208984, 1.7799999713897705078
1706113080068110, 47.397743288510220339, 8.5455930861545805755, 492.84967041015625, 492.84967041015625, 0.89999997615814208984, 1.7799999713897705078
1706113080196110, 47.397741837981165247, 8.5455908400750466569, 492.8358154296875, 492.8358154296875, 0.89999997615814208984, 1.7799999713897705078
1706113080320110, 47.397737620458293861, 8.5455981706579020596, 493.4473876953125, 493.4473876953125, 0.89999997615814208984, 1.7799999713897705078
1706113080444110, 47.397742886004891716, 8.5455959642395118436, 493.42706298828125, 493.42706298828125, 0.89999997615814208984, 1.7799999713897705078
1706113080568110, 47.397740830776356802, 8.5455962973189869558, 493.338958740234375, 493.338958740234375, 0.89999997615814208984, 1.7799999713897705078
1706113080696110, 47.39774731302804156, 8.5455956791501055392, 493.052764892578125, 493.052764892578125, 0.89999997615814208984, 1.7799999713897705078
1706113080820110, 47.397741334212248887, 8.5455962078717124797, 492.6859130859375, 492.6859130859375, 0.89999997615814208984, 1.7799999713897705078
1706113080944110, 47.397745601488793454, 8.5455971797784311406, 492.625762939453125, 492.625762939453125, 0.89999997615814208984, 1.7799999713897705078
1706113081068110, 47.397740077355109634, 8.5455956708010951672, 492.377410888671875, 492.377410888671875, 0.89999997615814208984, 1.7799999713897705078
1706113081196110, 47.397741775370143102, 8.5455963832200598773, 493.068572998046875, 493.068572998046875, 0.89999997615814208984, 1.7799999713897705078
1706113081320110, 47.397742629508336165, 8.5455961399353288499, 491.647247314453125, 491.647247314453125, 0.89999997615814208984, 1.7799999713897705078
1706113081444110, 47.397737489702997493, 8.54559699420582497, 492.05426025390625, 492.05426025390625, 0.89999997615814208984, 1.7799999713897705078
1706113081568110, 47.397741910799780385, 8.5455960501957601849, 493.330596923828125, 493.330596923828125, 0.89999997615814208984, 1.7799999713897705078
1706113081696110, 47.397742256814524353, 8.5455941521517360115, 492.222442626953125, 492.222442626953125, 0.89999997615814208984, 1.7799999713897705078
1706113081820110, 47.397737742829789909, 8.5455975958085392818, 492.921966552734375, 492.921966552734375, 0.89999997615814208984, 1.7799999713897705078
1706113081944110, 47.397741194023573996, 8.54559351007528889, 492.48089599609375, 492.48089599609375, 0.89999997615814208984, 1.7799999713897705078
1706113082068110, 47.397742702430441852, 8.5455994203831071587, 492.149566650390625, 492.149566650390625, 0.89999997615814208984, 1.7799999713897705078
1706113082196110, 47.397740691879079122, 8.5455966405881618186, 492.822601318359375, 492.822601318359375, 0.89999997615814208984, 1.7799999713897705078
1706113082320110, 47.39774063291410755, 8.5455937286026966149, 492.1737060546875, 492.1737060546875, 0.89999997615814208984, 1.7799999713897705078
1706113082444110, 47.397741416905333267, 8.5455945387889205023, 493.242279052734375, 493.242279052734375, 0.89999997615814208984, 1.7799999713897705078
1706113082568110, 47.397741510718873315, 8.5455941048541923521, 492.44525146484375, 492.44525146484375, 0.89999997615814208984, 1.7799999713897705078
1706113082696110, 47.397739797362575587, 8.545596007267011629, 493.813751220703125, 493.813751220703125, 0.89999997615814208984, 1.7799999713897705078
1706113082820110, 47.397742187456060492, 8.5455940179791554101, 492.7166748046875, 492.7166748046875, 0.89999997615814208984, 1.7799999713897705078
1706113082944110, 47.397740443533798782, 8.5455987068713792354, 491.82427978515625, 491.82427978515625, 0.89999997615814208984, 1.7799999713897705078
1706113083068110, 47.397739835902704897, 8.5455972129464701226, 493.10992431640625, 493.10992431640625, 0.89999997615814208984, 1.7799999713897705078
1706113083196110, 47.397742505598905893, 8.5455947877289499814, 492.705963134765625, 492.705963134765625, 0.89999997615814208984, 1.7799999713897705078
1706113083320110, 47.397744676802851416, 8.5455954184637192839, 493.2655029296875, 493.2655029296875, 0.89999997615814208984, 1.7799999713897705078
1706113083444110, 47.397742942033403324, 8.5455966297427377043, 493.192626953125, 493.192626953125, 0.89999997615814208984, 1.7799999713897705078
1706113083568110, 47.397742227671770365, 8.5455936362299667053, 492.139617919921875, 492.139617919921875, 0.89999997615814208984, 1.7799999713897705078
1706113083696110, 47.397742248664144427, 8.545596908543521053, 492.925079345703125, 492.925079345703125, 0.89999997615814208984, 1.7799999713897705078
1706113083820110, 47.397741610441201487, 8.5455977095978798985, 492.311279296875, 492.311279296875, 0.89999997615814208984, 1.7799999713897705078
1706113083944110, 47.397743710076987611, 8.5455964092880769556, 492.94659423828125, 492.94659423828125, 0.89999997615814208984, 1.7799999713897705078
1706113084308438, 47.397740401972072277, 8.5455954824836855011, 492.49365234375, 492.49365234375, 0.89999997615814208984, 1.7799999713897705078
1706113084437517, 47.397741485078114465, 8.5455987980972949458, 493.94476318359375, 493.94476318359375, 0.89999997615814208984, 1.7799999713897705078
1706113084563349, 47.397744749662287234, 8.5455977885643221725, 493.181640625, 493.181640625, 0.89999997615814208984, 1.7799999713897705078
1706113084688595, 47.397741566441027317, 8.5455929822335772172, 492.397369384765625, 492.397369384765625, 0.89999997615814208984, 1.7799999713897705078
1706113084813731, 47.397741902473413234, 8.5455964033122260304, 492.505889892578125, 492.505889892578125, 0.89999997615814208984, 1.7799999713897705078
1706113084943433, 47.397746783866629983, 8.5455935483447387213, 493.43438720703125, 493.43438720703125, 0.89999997615814208984, 1.7799999713897705078
1706113085068465, 47.397742253496716103, 8.545595446584465904, 492.471710205078125, 492.471710205078125, 0.89999997615814208984, 1.7799999713897705078
1706113085193585, 47.39774433370774176, 8.5455968316688029063, 493.71539306640625, 493.71539306640625, 0.89999997615814208984, 1.7799999713897705078
1706113085318809, 47.397741171197893095, 8.5455978900522495678, 492.59014892578125, 492.59014892578125, 0.89999997615814208984, 1.7799999713897705078
1706113085448056, 47.397745090014410607, 8.5455962309127642129, 492.433074951171875, 492.433074951171875, 0.89999997615814208984, 1.7799999713897705078
1706113085572581, 47.397738912991862037, 8.5455952986647343295, 494.07598876953125, 494.07598876953125, 0.89999997615814208984, 1.7799999713897705078
1706113085696581, 47.397744989885467248, 8.5455933636737970716, 492.6868896484375, 492.6868896484375, 0.89999997615814208984, 1.7799999713897705078
1706113085820581, 47.397740744136989122, 8.5455933641364634212, 493.807525634765625, 493.807525634765625, 0.89999997615814208984, 1.7799999713897705078
1706113085948581, 47.397741837321568426, 8.5455944605028211214, 493.85772705078125, 493.85772705078125, 0.89999997615814208984, 1.7799999713897705078
1706113086072581, 47.39773880243345161, 8.545597306042919783, 492.969818115234375, 492.969818115234375, 0.89999997615814208984, 1.7799999713897705078
1706113086196581, 47.397741125395704387, 8.5455935056966616514, 493.417694091796875, 493.417694091796875, 0.89999997615814208984, 1.7799999713897705078
1706113086320581, 47.397741864201222484, 8.5455956263714192289, 493.68267822265625, 493.68267822265625, 0.89999997615814208984, 1.7799999713897705078
1706113086448581, 47.397744605770597559, 8.5455981337917652496, 492.94073486328125, 492.94073486328125, 0.89999997615814208984, 1.7799999713897705078
1706113086572647, 47.397745753852476014, 8.545597597518447941, 493.367034912109375, 493.367034912109375, 0.89999997615814208984, 1.7799999713897705078
1706113086696647, 47.397740456308774526, 8.5455974023084237956, 492.830413818359375, 492.830413818359375, 0.89999997615814208984, 1.7799999713897705078
1706113086820647, 47.397741848456306002, 8.5455930601389429313, 492.130279541015625, 492.130279541015625, 0.89999997615814208984, 1.7799999713897705078
1706113086948647, 47.397742012713003135, 8.5455954421674800159, 493.126617431640625, 493.126617431640625, 0.89999997615814208984, 1.7799999713897705078
1706113087072647, 47.397747069100411466, 8.5455974725980414775, 493.0289306640625, 493.0289306640625, 0.89999997615814208984, 1.7799999713897705078
1706113087196647, 47.397745367410273332, 8.5455934960166946013, 493.341064453125, 493.341064453125, 0.89999997615814208984, 1.7799999713897705078
1706113087320647, 47.397743745976605112, 8.5455942368074797599, 493.13909912109375, 493.13909912109375, 0.89999997615814208984, 1.7799999713897705078
1706113087448647, 47.397742946029381983, 8.5455954109347196379, 493.1019287109375, 493.1019287109375, 0.89999997615814208984, 1.7799999713897705078
1706113087572749, 47.397740610641356795, 8.5455967873002158797, 492.994476318359375, 492.994476318359375, 0.89999997615814208984, 1.7799999713897705078
1706113087696749, 47.397740899366262113, 8.5455953397708821484, 492.846588134765625, 492.846588134765625, 0.89999997615814208984, 1.7799999713897705078
1706113087820749, 47.397744157906423368, 8.5455957116406011664, 492.76361083984375, 492.76361083984375, 0.89999997615814208984, 1.7799999713897705078
1706113087948749, 47.397743136195174429, 8.545594587283547483, 492.899932861328125, 492.899932861328125, 0.89999997615814208984, 1.7799999713897705078
1706113088072749, 47.397742617909116802, 8.5455958264448028672, 491.993621826171875, 491.993621826171875, 0.89999997615814208984, 1.7799999713897705078
1706113088196749, 47.397740520159437949, 8.5455941241831183675, 493.23614501953125, 493.23614501953125, 0.89999997615814208984, 1.7799999713897705078
1706113088320749, 47.397741383647655766, 8.545594134843032208, 492.35296630859375, 492.35296630859375, 0.89999997615814208984, 1.7799999713897705078
1706113088448749, 47.397742239054153401, 8.5455980778735032288, 492.728057861328125, 492.728057861328125, 0.89999997615814208984, 1.7799999713897705078
1706113088572888, 47.397744239059449001, 8.5455965119574521793, 493.441497802734375, 493.441497802734375, 0.89999997615814208984, 1.7799999713897705078
1706113088696888, 47.397738195974248754, 8.5455958527755093712, 492.616668701171875, 492.616668701171875, 0.89999997615814208984, 1.7799999713897705078
1706113088820888, 47.3977446270196765, 8.5455988281859589506, 492.475555419921875, 492.475555419921875, 0.89999997615814208984, 1.7799999713897705078
1706113088948888, 47.397742637159886669, 8.5455934146585406097, 492.48486328125, 492.48486328125, 0.89999997615814208984, 1.7799999713897705078
1706113089072888, 47.39774229179961651, 8.5455978386828927995, 492.66094970703125, 492.66094970703125, 0.89999997615814208984, 1.7799999713897705078
1706113089196888, 47.397742732879343919, 8.545594245365000674, 493.420989990234375, 493.420989990234375, 0.89999997615814208984, 1.7799999713897705078
1706113089320888, 47.397740729231500723, 8.5455981283145732164, 492.886077880859375, 492.886077880859375, 0.89999997615814208984, 1.7799999713897705078
1706113089448888, 47.397741661752668563, 8.5455962460353802612, 492.311370849609375, 492.311370849609375, 0.89999997615814208984, 1.7799999713897705078
1706113089573061, 47.397741037614359527, 8.5455966914945982182, 492.6461181640625, 492.6461181640625, 0.89999997615814208984, 1.7799999713897705078
1706113089697061, 47.397743507577658306, 8.5455984337966111042, 492.070709228515625, 492.070709228515625, 0.89999997615814208984, 1.7799999713897705078
1706113089821061, 47.397743590268284208, 8.545596970238223733, 493.16668701171875, 493.16668701171875, 0.89999997615814208984, 1.7799999713897705078
1706113089949061, 47.397742191469909301, 8.545597401310276453, 493.5211181640625, 493.5211181640625, 0.89999997615814208984, 1.7799999713897705078
1706113090073061, 47.397741770853606624, 8.5455962878997571153, 492.80694580078125, 492.80694580078125, 0.89999997615814208984, 1.7799999713897705078
1706113090197061, 47.397740703054047628, 8.5455957130917479248, 493.18603515625, 493.18603515625, 0.89999997615814208984, 1.7799999713897705078
1706113090321061, 47.397741750058997923, 8.5455959999790405135, 493.70721435546875, 493.70721435546875, 0.89999997615814208984, 1.7799999713897705078
1706113090449061, 47.39774420447756853, 8.5456004016334645712, 492.863494873046875, 492.863494873046875, 0.89999997615814208984, 1.7799999713897705078
1706113090573276, 47.397742318242492843, 8.5455998963156627468, 492.97113037109375, 492.97113037109375, 0.89999997615814208984, 1.7799999713897705078
1706113090697276, 47.397741522648928481, 8.5455939499519679714, 492.06109619140625, 492.06109619140625, 0.89999997615814208984, 1.7799999713897705078
1706113090821276, 47.397739374119737477, 8.5455947218570944557, 492.666717529296875, 492.666717529296875, 0.89999997615814208984, 1.7799999713897705078
1706113090949276, 47.397740813884453814, 8.5455977439155130782, 492.77777099609375, 492.77777099609375, 0.89999997615814208984, 1.7799999713897705078
1706113091073276, 47.397743538970203758, 8.5455979664428767251, 493.517486572265625, 493.517486572265625, 0.89999997615814208984, 1.7799999713897705078
1706113091197276, 47.397739786620753932, 8.5455959868618780462, 492.844940185546875, 492.844940185546875, 0.89999997615814208984, 1.7799999713897705078
1706113091321276, 47.39773933750159074, 8.545596342570654258, 493.706390380859375, 493.706390380859375, 0.89999997615814208984, 1.7799999713897705078
1706113091449276, 47.397741296081321138, 8.5455944507966759005, 493.517333984375, 493.517333984375, 0.89999997615814208984, 1.7799999713897705078
1706113091573524, 47.397739271589607313, 8.5455965383888727871, 493.896026611328125, 493.896026611328125, 0.89999997615814208984, 1.7799999713897705078
1706113091697524, 47.397743302731775827, 8.5455979034910249936, 491.923553466796875, 491.923553466796875, 0.89999997615814208984, 1.7799999713897705078
1706113091821524, 47.397742079653426117, 8.5455961970285994056, 493.695831298828125, 493.695831298828125, 0.89999997615814208984, 1.7799999713897705078
1706113091949524, 47.397743197555115557, 8.5455959598788204801, 492.246490478515625, 492.246490478515625, 0.89999997615814208984, 1.7799999713897705078
1706113092073524, 47.397743437206962369, 8.5455976382687772741, 492.32733154296875, 492.32733154296875, 0.89999997615814208984, 1.7799999713897705078
1706113092197524, 47.397741128787167497, 8.5455976445692485299, 492.883697509765625, 492.883697509765625, 0.89999997615814208984, 1.7799999713897705078
1706113092321524, 47.397741348907231895, 8.5455985790978967742, 492.98846435546875, 492.98846435546875, 0.89999997615814208984, 1.7799999713897705078
1706113092449524, 47.397741886693900426, 8.5455979922232412349, 492.129913330078125, 492.129913330078125, 0.89999997615814208984, 1.7799999713897705078
1706113092573815, 47.397743288671492223, 8.5455961884777753568, 492.48431396484375, 492.48431396484375, 0.89999997615814208984, 1.7799999713897705078
1706113092697815, 47.397745177239919201, 8.5455955542852191087, 492.9510498046875, 492.9510498046875, 0.89999997615814208984, 1.7799999713897705078
1706113092821815, 47.397740967941295764, 8.5455935590564209292, 492.9720458984375, 492.9720458984375, 0.89999997615814208984, 1.7799999713897705078
1706113092949815, 47.397745432672181209, 8.5455953114914002811, 492.43133544921875, 492.43133544921875, 0.89999997615814208984, 1.7799999713897705078
1706113093073815, 47.397742232173406762, 8.5455979841103832939, 492.7281494140625, 492.7281494140625, 0.89999997615814208984, 1.7799999713897705078
1706113093197815, 47.397741151377751123, 8.545595337085238441, 492.35174560546875, 492.35174560546875, 0.89999997615814208984, 1.7799999713897705078
1706113093321815, 47.397743360473526764, 8.5455962913365102196, 493.204559326171875, 493.204559326171875, 0.89999997615814208984, 1.7799999713897705078
1706113093449815, 47.397745106080215294, 8.5455983276668252557, 493.2996826171875, 493.2996826171875, 0.89999997615814208984, 1.7799999713897705078
1706113093574141, 47.39774065930704694, 8.5455985665086302561, 493.157562255859375, 493.157562255859375, 0.89999997615814208984, 1.7799999713897705078
1706113093698141, 47.397743616116116527, 8.5455961474161075131, 492.45098876953125, 492.45098876953125, 0.89999997615814208984, 1.7799999713897705078
1706113093822141, 47.397745126595133058, 8.5455941853243437833, 493.64324951171875, 493.64324951171875, 0.89999997615814208984, 1.7799999713897705078
1706113093950141, 47.397741413748029515, 8.5455954856352960292, 492.95440673828125, 492.95440673828125, 0.89999997615814208984, 1.7799999713897705078
1706113094074141, 47.397739983004093745, 8.5455958181031661525, 493.777252197265625, 493.777252197265625, 0.89999997615814208984, 1.7799999713897705078
1706113094198141, 47.397741473391008071, 8.5455964417282856971, 494.31549072265625, 494.31549072265625, 0.89999997615814208984, 1.7799999713897705078
1706113094322141, 47.397744072048148212, 8.545594609015431331, 493.530029296875, 493.530029296875, 0.89999997615814208984, 1.7799999713897705078
1706113094450141, 47.397741896122546734, 8.5455946951478392037, 493.08831787109375, 493.08831787109375, 0.89999997615814208984, 1.7799999713897705078
1706113094574141, 47.397740474919437759, 8.545597585944680219, 493.15350341796875, 493.15350341796875, 0.89999997615814208984, 1.7799999713897705078
1706113094698141, 47.397739954814205987, 8.545595795206939016, 492.861328125, 492.861328125, 0.89999997615814208984, 1.7799999713897705078
1706113094822141, 47.397743594099665643, 8.5455984361321863929, 492.775054931640625, 492.775054931640625, 0.89999997615814208984, 1.7799999713897705078
1706113094950141, 47.397739784505390048, 8.5455952946521875901, 492.445343017578125, 492.445343017578125, 0.89999997615814208984, 1.7799999713897705078
1706113095074141, 47.397742236471991362, 8.5455955746147225227, 493.1253662109375, 493.1253662109375, 0.89999997615814208984, 1.7799999713897705078
1706113095198141, 47.397741558858378141, 8.5455934368325596751, 493.367889404296875, 493.367889404296875, 0.89999997615814208984, 1.7799999713897705078
1706113095322141, 47.397740099472642328, 8.5455962553413087335, 492.994964599609375, 492.994964599609375, 0.89999997615814208984, 1.7799999713897705078
1706113095450141, 47.397742687413462193, 8.5455937044892777976, 493.397186279296875, 493.397186279296875, 0.89999997615814208984, 1.7799999713897705078
1706113095574141, 47.397746369676859501, 8.5455930147952905429, 493.34161376953125, 493.34161376953125, 0.89999997615814208984, 1.7799999713897705078
1706113095698141, 47.397742177058638902, 8.5455948856797956381, 493.70025634765625, 493.70025634765625, 0.89999997615814208984, 1.7799999713897705078
1706113095822141, 47.397741974958719879, 8.5455962988187366136, 492.3582763671875, 492.3582763671875, 0.89999997615814208984, 1.7799999713897705078
1706113095950141, 47.397745097488595434, 8.5455942257701735798, 493.490447998046875, 493.490447998046875, 0.89999997615814208984, 1.7799999713897705078
1706113096074141, 47.397738650212211553, 8.545596899526389123, 492.35235595703125, 492.35235595703125, 0.89999997615814208984, 1.7799999713897705078
1706113096198141, 47.397739837897951531, 8.545591961300823769, 492.43389892578125, 492.43389892578125, 0.89999997615814208984, 1.7799999713897705078
1706113096322141, 47.397741141518373809, 8.5455978320134402537, 492.6856689453125, 492.6856689453125, 0.89999997615814208984, 1.7799999713897705078
1706113096450141, 47.397740743098140115, 8.5455939214803162685, 492.37432861328125, 492.37432861328125, 0.89999997615814208984, 1.7799999713897705078
1706113096574141, 47.397744129779901812, 8.5455955550874893589, 493.246551513671875, 493.246551513671875, 0.89999997615814208984, 1.7799999713897705078
1706113096698141, 47.397738829997933863, 8.5455962687961282143, 492.79541015625, 492.79541015625, 0.89999997615814208984, 1.7799999713897705078
1706113096822141, 47.397740904930550698, 8.5455945044582986014, 492.085418701171875, 492.085418701171875, 0.89999997615814208984, 1.7799999713897705078
1706113096950141, 47.397743168966925964, 8.5455970415287492159, 493.216949462890625, 493.216949462890625, 0.89999997615814208984, 1.7799999713897705078
1706113097074141, 47.397740147863459015, 8.5455970266377399014, 492.7587890625, 492.7587890625, 0.89999997615814208984, 1.7799999713897705078
1706113097198141, 47.397743631136762588, 8.5455978197958586406, 492.83905029296875, 492.83905029296875, 0.89999997615814208984, 1.7799999713897705078
1706113097322141, 47.397741515177358451, 8.545595914513604896, 492.8626708984375, 492.8626708984375, 0.89999997615814208984, 1.7799999713897705078
1706113097450141, 47.397741970449992266, 8.5455985825252369636, 492.41278076171875, 492.41278076171875, 0.89999997615814208984, 1.7799999713897705078
1706113097574141, 47.39774190912051921, 8.5455967743244194423, 492.32452392578125, 492.32452392578125, 0.89999997615814208984, 1.7799999713897705078
1706113097698141, 47.397739738680378707, 8.5455961089877927606, 493.06658935546875, 493.06658935546875, 0.89999997615814208984, 1.7799999713897705078
1706113097822141, 47.397741101790849427, 8.5455918526541498892, 492.956390380859375, 492.956390380859375, 0.89999997615814208984, 1.7799999713897705078
1706113097950141, 47.397742989799773738, 8.5455989691124791818, 493.204010009765625, 493.204010009765625, 0.89999997615814208984, 1.7799999713897705078
1706113098074141, 47.397741996998917102, 8.5455966289010500958, 492.854522705078125, 492.854522705078125, 0.89999997615814208984, 1.7799999713897705078
1706113098198141, 47.397745331461393903, 8.5455962843487398573, 492.988250732421875, 492.988250732421875, 0.89999997615814208984, 1.7799999713897705078
1706113098322141, 47.39773891804352246, 8.5455987974846294719, 493.073333740234375, 493.073333740234375, 0.89999997615814208984, 1.7799999713897705078
1706113098450141, 47.397742222778575183, 8.5455946465187384575, 493.26165771484375, 493.26165771484375, 0.89999997615814208984, 1.7799999713897705078
1706113098574141, 47.397742462239925487, 8.5455986619860002662, 492.8046875, 492.8046875, 0.89999997615814208984, 1.7799999713897705078
1706113098698141, 47.397743645685736169, 8.5455966713125750545, 492.8802490234375, 492.8802490234375, 0.89999997615814208984, 1.7799999713897705078
1706113098822141, 47.397742485307979621, 8.5455980471410963872, 493.30633544921875, 493.30633544921875, 0.89999997615814208984, 1.7799999713897705078
1706113098950141, 47.397742067081111372, 8.5455981016919313475, 492.914337158203125, 492.914337158203125, 0.89999997615814208984, 1.7799999713897705078
1706113099074141, 47.397741139435915159, 8.5455970540140011593, 493.3927001953125, 493.3927001953125, 0.89999997615814208984, 1.7799999713897705078
1706113099198141, 47.397742797132295323, 8.5455977381235399548, 493.56890869140625, 493.56890869140625, 0.89999997615814208984, 1.7799999713897705078
1706113099322141, 47.397743579455223539, 8.5455961588468856149, 492.68878173828125, 492.68878173828125, 0.89999997615814208984, 1.7799999713897705078
1706113099450141, 47.397740988883548141, 8.5455959691929468391, 491.72857666015625, 491.72857666015625, 0.89999997615814208984, 1.7799999713897705078
1706113099574141, 47.397742973577983605, 8.5455984330100278612, 492.441558837890625, 492.441558837890625, 0.89999997615814208984, 1.7799999713897705078
1706113099698141, 47.39774248534005352, 8.5455973292253730733, 492.518646240234375, 492.518646240234375, 0.89999997615814208984, 1.7799999713897705078
1706113099822141, 47.397742870010773686, 8.5455980494626384569, 492.195648193359375, 492.195648193359375, 0.89999997615814208984, 1.7799999713897705078
1706113099950141, 47.397741296725413918, 8.5455966039651194421, 493.54931640625, 493.54931640625, 0.89999997615814208984, 1.7799999713897705078
1706113100074141, 47.397740856048791613, 8.5455965598898355751, 493.075531005859375, 493.075531005859375, 0.89999997615814208984, 1.7799999713897705078
1706113100198141, 47.397743283257419478, 8.5455951798108049644, 493.823699951171875, 493.823699951171875, 0.89999997615814208984, 1.7799999713897705078
1706113100322141, 47.397742939327415002, 8.5455970176022528761, 493.323333740234375, 493.323333740234375, 0.89999997615814208984, 1.7799999713897705078
1706113100450141, 47.397743986499570212, 8.5455954259567281639, 492.0673828125, 492.0673828125, 0.89999997615814208984, 1.7799999713897705078
1706113100574141, 47.397742768246772016, 8.5455990510149995032, 493.78826904296875, 493.78826904296875, 0.89999997615814208984, 1.7799999713897705078
1706113100698141, 47.397743342357614438, 8.5455946257404313826, 493.375213623046875, 493.375213623046875, 0.89999997615814208984, 1.7799999713897705078
1706113100822141, 47.397741353415241861, 8.5455953876218924137, 493.22662353515625, 493.22662353515625, 0.89999997615814208984, 1.7799999713897705078
1706113100950141, 47.397741915728374806, 8.5455971600661317922, 492.8870849609375, 492.8870849609375, 0.89999997615814208984, 1.7799999713897705078
1706113101074141, 47.397741779080462265, 8.5455956465692910484, 493.393890380859375, 493.393890380859375, 0.89999997615814208984, 1.7799999713897705078
1706113101198141, 47.397742659126969045, 8.5455948850387972726, 492.86962890625, 492.86962890625, 0.89999997615814208984, 1.7799999713897705078
1706113101322141, 47.397741121549294974, 8.5455952648803190641, 493.017913818359375, 493.017913818359375, 0.89999997615814208984, 1.7799999713897705078
1706113101450141, 47.397742608482431592, 8.5455956569438225046, 492.727508544921875, 492.727508544921875, 0.89999997615814208984, 1.7799999713897705078
1706113101574141, 47.397744578085834632, 8.5455972886088051865, 491.828033447265625, 491.828033447265625, 0.89999997615814208984, 1.7799999713897705078
1706113101698141, 47.397740705626695501, 8.5455970381750976372, 493.0242919921875, 493.0242919921875, 0.89999997615814208984, 1.7799999713897705078
1706113101822141, 47.397741794797447312, 8.5455959840327704313, 492.96319580078125, 492.96319580078125, 0.89999997615814208984, 1.7799999713897705078
1706113101950141, 47.397742615478527739, 8.5455975166220881079, 491.978179931640625, 491.978179931640625, 0.89999997615814208984, 1.7799999713897705078
1706113102074141, 47.397743785719328002, 8.5455966185892275888, 492.80859375, 492.80859375, 0.89999997615814208984, 1.7799999713897705078
1706113102198141, 47.397741466854348857, 8.5456004129091951427, 493.09161376953125, 493.09161376953125, 0.89999997615814208984, 1.7799999713897705078
1706113102322141, 47.397742141112694014, 8.5455974977354376421, 492.601287841796875, 492.601287841796875, 0.89999997615814208984, 1.7799999713897705078
1706113102450141, 47.39774368253971204, 8.5455945490029847633, 493.62005615234375, 493.62005615234375, 0.89999997615814208984, 1.7799999713897705078
1706113102574141, 47.397740880969195132, 8.5455945355242217687, 492.92633056640625, 492.92633056640625, 0.89999997615814208984, 1.7799999713897705078
1706113102698141, 47.397743697802710017, 8.5455935276189460836, 492.513824462890625, 492.513824462890625, 0.89999997615814208984, 1.7799999713897705078
1706113102822141, 47.397744810835490625, 8.5455931399158711059, 492.37481689453125, 492.37481689453125, 0.89999997615814208984, 1.7799999713897705078
1706113102950141, 47.397739477221868754, 8.5455958830599207943, 493.48486328125, 493.48486328125, 0.89999997615814208984, 1.7799999713897705078
1706113103074141, 47.397742531747113048, 8.5455974925038500345, 492.542938232421875, 492.542938232421875, 0.89999997615814208984, 1.7799999713897705078
1706113103198141, 47.397745368206521732, 8.5455946238787028335, 492.59765625, 492.59765625, 0.89999997615814208984, 1.7799999713897705078
1706113103322141, 47.397742480968702239, 8.5455969664053412771, 492.59130859375, 492.59130859375, 0.89999997615814208984, 1.7799999713897705078
1706113103450141, 47.397740802032011231, 8.5455955810901524927, 493.0831298828125, 493.0831298828125, 0.89999997615814208984, 1.7799999713897705078
1706113103574141, 47.397743574895379481, 8.5455961629491259401, 493.388092041015625, 493.388092041015625, 0.89999997615814208984, 1.7799999713897705078
1706113103698141, 47.397741239160524174, 8.5455971435248283541, 492.747283935546875, 492.747283935546875, 0.89999997615814208984, 1.7799999713897705078
1706113103822141, 47.39774475074568727, 8.5455984984363837498, 492.901947021484375, 492.901947021484375, 0.89999997615814208984, 1.7799999713897705078
1706113103950141, 47.397742938342879881, 8.545593568356169456, 492.631378173828125, 492.631378173828125, 0.89999997615814208984, 1.7799999713897705078
1706113104074141, 47.397742802887464109, 8.5455954130490674459, 492.230194091796875, 492.230194091796875, 0.89999997615814208984, 1.7799999713897705078
1706113104198141, 47.397743225924266142, 8.5455955065090876133, 492.327789306640625, 492.327789306640625, 0.89999997615814208984, 1.7799999713897705078
1706113104322141, 47.397740184781170569, 8.5455944863926145416, 493.43902587890625, 493.43902587890625, 0.89999997615814208984, 1.7799999713897705078
1706113104450141, 47.397744714651985021, 8.5455955213972494278, 492.40728759765625, 492.40728759765625, 0.89999997615814208984, 1.7799999713897705078
1706113104574141, 47.397742581392435568, 8.5455966931605260584, 492.446197509765625, 492.446197509765625, 0.89999997615814208984, 1.7799999713897705078
1706113104933404, 47.397741685384012555, 8.545594748004212704, 491.815216064453125, 491.815216064453125, 0.89999997615814208984, 1.7799999713897705078
1706113105059360, 47.397739799214946288, 8.5455917530188649778, 493.046112060546875, 493.046112060546875, 0.89999997615814208984, 1.7799999713897705078
1706113105189378, 47.397740598219321839, 8.5455952457190615945, 492.797882080078125, 492.797882080078125, 0.89999997615814208984, 1.7799999713897705078
1706113105314889, 47.397743016759697809, 8.5455974350685028895, 492.68402099609375, 492.68402099609375, 0.89999997615814208984, 1.7799999713897705078
1706113105440935, 47.3977452940266204, 8.5455949469704979293, 493.401824951171875, 493.401824951171875, 0.89999997615814208984, 1.7799999713897705078
1706113105565918, 47.397742157620037062, 8.5455940185044774182, 492.943206787109375, 492.943206787109375, 0.89999997615814208984, 1.7799999713897705078
1706113105695126, 47.397736829624768973, 8.5455932059617847329, 491.953399658203125, 491.953399658203125, 0.89999997615814208984, 1.7799999713897705078
1706113105820470, 47.397741397301182076, 8.5455962368431510612, 493.7550048828125, 493.7550048828125, 0.89999997615814208984, 1.7799999713897705078
1706113105945784, 47.39774247863520884, 8.545595526563971589, 492.916259765625, 492.916259765625, 0.89999997615814208984, 1.7799999713897705078
1706113106071137, 47.397742980732971319, 8.5455934839724907448, 492.00537109375, 492.00537109375, 0.89999997615814208984, 1.7799999713897705078
1706113106200508, 47.397739490212906333, 8.5455974565614205574, 493.57080078125, 493.57080078125, 0.89999997615814208984, 1.7799999713897705078
1706113106325559, 47.397742185348874955, 8.5455935700196619109, 493.016143798828125, 493.016143798828125, 0.89999997615814208984, 1.7799999713897705078
1706113106449559, 47.397743513002232874, 8.5455949765583412159, 493.19427490234375, 493.19427490234375, 0.89999997615814208984, 1.7799999713897705078
1706113106573559, 47.397742224643579334, 8.5455948424757881554, 492.18304443359375, 492.18304443359375, 0.89999997615814208984, 1.7799999713897705078
1706113106701559, 47.397739990774041985, 8.5455964746120898212, 493.953857421875, 493.953857421875, 0.89999997615814208984, 1.7799999713897705078
1706113106825559, 47.397744548990900171, 8.5455955303125286093, 493.1832275390625, 493.1832275390625, 0.89999997615814208984, 1.7799999713897705078
1706113106949559, 47.397742675074034935, 8.5455955447444722495, 492.823974609375, 492.823974609375, 0.89999997615814208984, 1.7799999713897705078
1706113107073559, 47.397744073431496759, 8.5455975323217536754, 492.073577880859375, 492.073577880859375, 0.89999997615814208984, 1.7799999713897705078
1706113107201559, 47.397743553549801732, 8.5455964389110778967, 492.95916748046875, 492.95916748046875, 0.89999997615814208984, 1.7799999713897705078
1706113107325634, 47.39774076260084712, 8.545596082450032327, 493.259124755859375, 493.259124755859375, 0.89999997615814208984, 1.7799999713897705078
1706113107449634, 47.397741280334102498, 8.5455961898921817266, 492.275543212890625, 492.275543212890625, 0.89999997615814208984, 1.7799999713897705078
1706113107573634, 47.397742247476159605, 8.5456003852022277556, 493.311553955078125, 493.311553955078125, 0.89999997615814208984, 1.7799999713897705078
1706113107701634, 47.397744003432023874, 8.5455990325850894607, 493.47088623046875, 493.47088623046875, 0.89999997615814208984, 1.7799999713897705078
1706113107825634, 47.397743374028259211, 8.5455942560744588832, 492.66754150390625, 492.66754150390625, 0.89999997615814208984, 1.7799999713897705078
1706113107949634, 47.397742388192781959, 8.5455964772698589371, 493.361114501953125, 493.361114501953125, 0.89999997615814208984, 1.7799999713897705078
1706113108073634, 47.397742788035380102, 8.5455955819661006956, 492.5205078125, 492.5205078125, 0.89999997615814208984, 1.7799999713897705078
1706113108201634, 47.397740747582062681, 8.5455972041345731327, 493.94158935546875, 493.94158935546875, 0.89999997615814208984, 1.7799999713897705078
1706113108325741, 47.397740913088561854, 8.5455945673763693549, 492.8714599609375, 492.8714599609375, 0.89999997615814208984, 1.7799999713897705078
1706113108449741, 47.397740067513517204, 8.5455972692639114996, 492.737457275390625, 492.737457275390625, 0.89999997615814208984, 1.7799999713897705078
1706113108573741, 47.397738693485436556, 8.5455934892962162053, 492.685150146484375, 492.685150146484375, 0.89999997615814208984, 1.7799999713897705078
1706113108701741, 47.397743572114947597, 8.5455929378158295151, 492.95623779296875, 492.95623779296875, 0.89999997615814208984, 1.7799999713897705078
1706113108825741, 47.397741502024565818, 8.5455963075980925225, 492.54296875, 492.54296875, 0.89999997615814208984, 1.7799999713897705078
1706113108949741, 47.397742697208883556, 8.5455980995900766573, 492.58349609375, 492.58349609375, 0.89999997615814208984, 1.7799999713897705078
1706113109073741, 47.397744537702990897, 8.5455957696198776574, 493.08013916015625, 493.08013916015625, 0.89999997615814208984, 1.7799999713897705078
1706113109201741, 47.397740319750880644, 8.5455948656730544855, 493.13092041015625, 493.13092041015625, 0.89999997615814208984, 1.7799999713897705078
1706113109325884, 47.397741566494424603, 8.5455981615534000184, 492.066375732421875, 492.066375732421875, 0.89999997615814208984, 1.7799999713897705078
1706113109449884, 47.39774226134276347, 8.5455981304771189144, 493.931915283203125, 493.931915283203125, 0.89999997615814208984, 1.7799999713897705078
1706113109573884, 47.397745349080970811, 8.5455945717538952522, 493.072265625, 493.072265625, 0.89999997615814208984, 1.7799999713897705078
1706113109701884, 47.397743311395643673, 8.5455954946617911361, 492.713470458984375, 492.713470458984375, 0.89999997615814208984, 1.7799999713897705078
1706113109825884, 47.397743053814636482, 8.5455947387010695593, 492.507049560546875, 492.507049560546875, 0.89999997615814208984, 1.7799999713897705078
1706113109949884, 47.397744485915282553, 8.5455950888468716897, 493.712890625, 493.712890625, 0.89999997615814208984, 1.7799999713897705078
1706113110073884, 47.397740689705251782, 8.5455979275973099618, 492.438873291015625, 492.438873291015625, 0.89999997615814208984, 1.7799999713897705078
1706113110201884, 47.397742367362155846, 8.5455958312149569167, 493.0628662109375, 493.0628662109375, 0.89999997615814208984, 1.7799999713897705078
1706113110326058, 47.397743267614451668, 8.5455949827065840196, 493.0899658203125, 493.0899658203125, 0.89999997615814208984, 1.7799999713897705078
1706113110450058, 47.397742689675929739, 8.5455942713920745035, 492.630096435546875, 492.630096435546875, 0.89999997615814208984, 1.7799999713897705078
1706113110574058, 47.397741222884405943, 8.5455953891483158458, 492.288482666015625, 492.288482666015625, 0.89999997615814208984, 1.7799999713897705078
1706113110702058, 47.397739742527654982, 8.5455963363707372338, 491.978851318359375, 491.978851318359375, 0.89999997615814208984, 1.7799999713897705078
1706113110826058, 47.397741063085703672, 8.5455917543109265466, 493.155029296875, 493.155029296875, 0.89999997615814208984, 1.7799999713897705078
1706113110950058, 47.397740349773386015, 8.5455972424675898935, 492.466705322265625, 492.466705322265625, 0.89999997615814208984, 1.7799999713897705078
1706113111074058, 47.397742351488354018, 8.5455983958193542094, 492.440032958984375, 492.440032958984375, 0.89999997615814208984, 1.7799999713897705078
1706113111202058, 47.397741231119852046, 8.5455979003127726656, 492.2587890625, 492.2587890625, 0.89999997615814208984, 1.7799999713897705078
1706113111326279, 47.397743489153427277, 8.5455934964480579907, 493.078155517578125, 493.078155517578125, 0.89999997615814208984, 1.7799999713897705078
1706113111450279, 47.39774130231292304, 8.5455969723797302606, 492.83056640625, 492.83056640625, 0.89999997615814208984, 1.7799999713897705078
1706113111574279, 47.397744907191473374, 8.5455956753496860046, 492.99859619140625, 492.99859619140625, 0.89999997615814208984, 1.7799999713897705078
1706113111702279, 47.397741900536615844, 8.5455939406871355146, 493.1680908203125, 493.1680908203125, 0.89999997615814208984, 1.7799999713897705078
1706113111826279, 47.397745148601899245, 8.545595983583680777, 492.439117431640625, 492.439117431640625, 0.89999997615814208984, 1.7799999713897705078
1706113111950279, 47.397742972029710984, 8.5455958179965172405, 492.95098876953125, 492.95098876953125, 0.89999997615814208984, 1.7799999713897705078
1706113112074279, 47.397741677423994133, 8.5455913914071839343, 491.770904541015625, 491.770904541015625, 0.89999997615814208984, 1.7799999713897705078
1706113112202279, 47.397743484535048708, 8.5455926605538934382, 492.31646728515625, 492.31646728515625, 0.89999997615814208984, 1.7799999713897705078
1706113112326279, 47.39773900956838304, 8.545594166854167284, 493.208709716796875, 493.208709716796875, 0.89999997615814208984, 1.7799999713897705078
1706113112450527, 47.397742023323615967, 8.5455931314391051501, 492.584259033203125, 492.584259033203125, 0.89999997615814208984, 1.7799999713897705078
1706113112574527, 47.397741515646877986, 8.545595035843634335, 492.566650390625, 492.566650390625, 0.89999997615814208984, 1.7799999713897705078
1706113112702527, 47.397742108901823599, 8.5455959667021321735, 491.884002685546875, 491.884002685546875, 0.89999997615814208984, 1.7799999713897705078
1706113112826527, 47.397742807432756251, 8.5455962512784857665, 493.017181396484375, 493.017181396484375, 0.89999997615814208984, 1.7799999713897705078
1706113112950527, 47.397741350701316776, 8.5455934142567837597, 493.515899658203125, 493.515899658203125, 0.89999997615814208984, 1.7799999713897705078
1706113113074527, 47.397744479902556236, 8.5455970722135550233, 492.494842529296875, 492.494842529296875, 0.89999997615814208984, 1.7799999713897705078
1706113113202527, 47.397742434987065963, 8.5455926842722007564, 492.6829833984375, 492.6829833984375, 0.89999997615814208984, 1.7799999713897705078
1706113113326527, 47.397743650432140328, 8.5455951998097319233, 493.50848388671875, 493.50848388671875, 0.89999997615814208984, 1.7799999713897705078
1706113113450810, 47.397744114630974366, 8.5455963911797727661, 492.783538818359375, 492.783538818359375, 0.89999997615814208984, 1.7799999713897705078
1706113113574810, 47.397743277182030397, 8.5455937301969573383, 492.445465087890625, 492.445465087890625, 0.89999997615814208984, 1.7799999713897705078
1706113113702810, 47.397741321755106014, 8.5455971078137249464, 492.453125, 492.453125, 0.89999997615814208984, 1.7799999713897705078
1706113113826810, 47.397743885530317698, 8.5455957567289715371, 492.824462890625, 492.824462890625, 0.89999997615814208984, 1.7799999713897705078
1706113113950810, 47.39774140403835645, 8.5455978320934669057, 493.596771240234375, 493.596771240234375, 0.89999997615814208984, 1.7799999713897705078
1706113114074810, 47.397738224580905353, 8.5455966601091297719, 493.229034423828125, 493.229034423828125, 0.89999997615814208984, 1.7799999713897705078
1706113114202810, 47.3977412583830926, 8.5455947446550553082, 493.189422607421875, 493.189422607421875, 0.89999997615814208984, 1.7799999713897705078
1706113114326810, 47.397742157856505685, 8.5455968054012654278, 493.167816162109375, 493.167816162109375, 0.89999997615814208984, 1.7799999713897705078
1706113114451130, 47.397746074210665768, 8.5455982384578348388, 493.6153564453125, 493.6153564453125, 0.89999997615814208984, 1.7799999713897705078
1706113114575130, 47.397742525944224212, 8.5455960403435113903, 492.845367431640625, 492.845367431640625, 0.89999997615814208984, 1.7799999713897705078
1706113114703130, 47.397745268119855666, 8.5455933430106458815, 492.5181884765625, 492.5181884765625, 0.89999997615814208984, 1.7799999713897705078
1706113114827130, 47.397744278630050019, 8.5455900537499172032, 493.94732666015625, 493.94732666015625, 0.89999997615814208984, 1.7799999713897705078
1706113114951130, 47.397743478918989979, 8.5455951726262799895, 491.815765380859375, 491.815765380859375, 0.89999997615814208984, 1.7799999713897705078
1706113115075130, 47.397743740112730393, 8.5455964312492369572, 492.29656982421875, 492.29656982421875, 0.89999997615814208984, 1.7799999713897705078
1706113115203130, 47.397742518095633102, 8.5455979485958142305, 492.61676025390625, 492.61676025390625, 0.89999997615814208984, 1.7799999713897705078
1706113115327130, 47.397740265657240855, 8.5455956391320899712, 494.06744384765625, 494.06744384765625, 0.89999997615814208984, 1.7799999713897705078
1706113115451130, 47.39774446325532864, 8.5455973676342384948, 492.8026123046875, 492.8026123046875, 0.89999997615814208984, 1.7799999713897705078
1706113115575130, 47.397742471263605069, 8.5455950949624472912, 492.744293212890625, 492.744293212890625, 0.89999997615814208984, 1.7799999713897705078
1706113115703130, 47.397739046776578675, 8.545595262537991843, 492.6739501953125, 492.6739501953125, 0.89999997615814208984, 1.7799999713897705078
1706113115827130, 47.397739059114861959, 8.5455993316103171509, 492.885009765625, 492.885009765625, 0.89999997615814208984, 1.7799999713897705078
1706113115951130, 47.397741552391558173, 8.5455971779058419457, 493.13726806640625, 493.13726806640625, 0.89999997615814208984, 1.7799999713897705078
1706113116075130, 47.397743777858920566, 8.5455991178705961175, 493.386871337890625, 493.386871337890625, 0.89999997615814208984, 1.7799999713897705078
1706113116203130, 47.397744339045523532, 8.5455962119033674895, 493.23004150390625, 493.23004150390625, 0.89999997615814208984, 1.7799999713897705078
1706113116327130, 47.397743109672781259, 8.5455989697040735109, 492.17333984375, 492.17333984375, 0.89999997615814208984, 1.7799999713897705078
1706113116451130, 47.397743504417597649, 8.5455937145775582309, 492.557952880859375, 492.557952880859375, 0.89999997615814208984, 1.7799999713897705078
1706113116575130, 47.397741814529602777, 8.5455945272918043543, 491.740203857421875, 491.740203857421875, 0.89999997615814208984, 1.7799999713897705078
1706113116703130, 47.397743577124487047, 8.5455964633593559654, 493.386260986328125, 493.386260986328125, 0.89999997615814208984, 1.7799999713897705078
1706113116827130, 47.397743837025984703, 8.5455954269099940745, 492.003326416015625, 492.003326416015625, 0.89999997615814208984, 1.7799999713897705078
1706113116951130, 47.397740093144733464, 8.5455954321456086831, 492.3203125, 492.3203125, 0.89999997615814208984, 1.7799999713897705078
1706113117075130, 47.397742627752215583, 8.5455939104484386348, 492.74566650390625, 492.74566650390625, 0.89999997615814208984, 1.7799999713897705078
1706113117203130, 47.397741789844616278, 8.5455939539259944127, 493.47491455078125, 493.47491455078125, 0.89999997615814208984, 1.7799999713897705078
1706113117327130, 47.397744142684665292, 8.5455923597506746603, 493.272430419921875, 493.272430419921875, 0.89999997615814208984, 1.7799999713897705078
1706113117451130, 47.397746398276751734, 8.5455944733072133346, 492.479705810546875, 492.479705810546875, 0.89999997615814208984, 1.7799999713897705078
1706113117575130, 47.39774277678109371, 8.5455980854764312937, 492.93121337890625, 492.93121337890625, 0.89999997615814208984, 1.7799999713897705078
1706113117703130, 47.397743990262945601, 8.5455954021835403012, 492.25933837890625, 492.25933837890625, 0.89999997615814208984, 1.7799999713897705078
1706113117827130, 47.397738794900753589, 8.545598830401173629, 492.6851806640625, 492.6851806640625, 0.89999997615814208984, 1.7799999713897705078
1706113117951130, 47.397742748846361849, 8.5455944346060075389, 492.4959716796875, 492.4959716796875, 0.89999997615814208984, 1.7799999713897705078
1706113118075130, 47.397741046720987868, 8.545594505995083523, 494.228607177734375, 494.228607177734375, 0.89999997615814208984, 1.7799999713897705078
1706113118203130, 47.397744217191707605, 8.5455976724021205371, 493.533599853515625, 493.533599853515625, 0.89999997615814208984, 1.7799999713897705078
1706113118327130, 47.397742724973745965, 8.5455957330222389601, 493.76141357421875, 493.76141357421875, 0.89999997615814208984, 1.7799999713897705078
1706113118451130, 47.397744682902050783, 8.5455965136790492664, 493.72601318359375, 493.72601318359375, 0.89999997615814208984, 1.7799999713897705078
1706113118575130, 47.397743521323512539, 8.5455967362457396774, 493.32891845703125, 493.32891845703125, 0.89999997615814208984, 1.7799999713897705078
1706113118703130, 47.397742097861701893, 8.5455995834159264035, 492.799163818359375, 492.799163818359375, 0.89999997615814208984, 1.7799999713897705078
1706113118827130, 47.397744535480413219, 8.5455953027892590512, 492.7288818359375, 492.7288818359375, 0.89999997615814208984, 1.7799999713897705078
1706113118951130, 47.397740952140622994, 8.5455959710712736666, 492.250335693359375, 492.250335693359375, 0.89999997615814208984, 1.7799999713897705078
1706113119075130, 47.397743432752101, 8.5455952986539003291, 492.722930908203125, 492.722930908203125, 0.89999997615814208984, 1.7799999713897705078
1706113119203130, 47.397743881034415381, 8.5455933560599461885, 492.619415283203125, 492.619415283203125, 0.89999997615814208984, 1.7799999713897705078
1706113119327130, 47.397744167521629777, 8.5455963288829845936, 492.589813232421875, 492.589813232421875, 0.89999997615814208984, 1.7799999713897705078
1706113119451130, 47.397741726577770294, 8.5455995407693610133, 492.79168701171875, 492.79168701171875, 0.89999997615814208984, 1.7799999713897705078
1706113119575130, 47.397742216925493608, 8.5455979791512728383, 492.96826171875, 492.96826171875, 0.89999997615814208984, 1.7799999713897705078
1706113119703130, 47.397741589138774998, 8.5455950950417829404, 493.218292236328125, 493.218292236328125, 0.89999997615814208984, 1.7799999713897705078
1706113119827130, 47.397744398973429725, 8.5455984022570152803, 493.451629638671875, 493.451629638671875, 0.89999997615814208984, 1.7799999713897705078
1706113119951130, 47.397744326295118356, 8.545595479142471973, 493.36041259765625, 493.36041259765625, 0.89999997615814208984, 1.7799999713897705078
1706113120075130, 47.397743378822610794, 8.5455990382119946247, 493.290283203125, 493.290283203125, 0.89999997615814208984, 1.7799999713897705078
1706113120203130, 47.397743199702738082, 8.5455989775517640084, 493.3052978515625, 493.3052978515625, 0.89999997615814208984, 1.7799999713897705078
1706113120327130, 47.397741158675316342, 8.5455959116062452097, 493.07464599609375, 493.07464599609375, 0.89999997615814208984, 1.7799999713897705078
1706113120451130, 47.397741761683789719, 8.5455981663572071483, 493.027587890625, 493.027587890625, 0.89999997615814208984, 1.7799999713897705078
1706113120575130, 47.397743065578019639, 8.5455958942919423293, 493.43792724609375, 493.43792724609375, 0.89999997615814208984, 1.7799999713897705078
1706113120703130, 47.397737089204738936, 8.5455979211681611929, 493.111785888671875, 493.111785888671875, 0.89999997615814208984, 1.7799999713897705078
1706113120827130, 47.397741438112667822, 8.5455945663415207036, 492.797882080078125, 492.797882080078125, 0.89999997615814208984, 1.7799999713897705078
1706113120951130, 47.397741803834165353, 8.5455962960684974661, 492.430572509765625, 492.430572509765625, 0.89999997615814208984, 1.7799999713897705078
1706113121075130, 47.397744762468512647, 8.5455992223397192475, 492.37982177734375, 492.37982177734375, 0.89999997615814208984, 1.7799999713897705078
1706113121203130, 47.397743201819935166, 8.5455960298331099523, 492.857635498046875, 492.857635498046875, 0.89999997615814208984, 1.7799999713897705078
1706113121327130, 47.397741412061257904, 8.5455947332612414158, 492.889984130859375, 492.889984130859375, 0.89999997615814208984, 1.7799999713897705078
1706113121451130, 47.397741318844389014, 8.5455960406586779499, 492.789398193359375, 492.789398193359375, 0.89999997615814208984, 1.7799999713897705078
1706113121575130, 47.397739248464127115, 8.5455948387613833717, 492.571685791015625, 492.571685791015625, 0.89999997615814208984, 1.7799999713897705078
1706113121703130, 47.397745139021729699, 8.545598100932211949, 491.48382568359375, 491.48382568359375, 0.89999997615814208984, 1.7799999713897705078
1706113121827130, 47.397741412388043614, 8.5455953333194756283, 493.3494873046875, 493.3494873046875, 0.89999997615814208984, 1.7799999713897705078
1706113121951130, 47.397737407040814617, 8.5455929397915308954, 493.5897216796875, 493.5897216796875, 0.89999997615814208984, 1.7799999713897705078
1706113122075130, 47.397741275543985751, 8.5455991067854579768, 493.0086669921875, 493.0086669921875, 0.89999997615814208984, 1.7799999713897705078
1706113122203130, 47.397744222558564786, 8.5455959812940900377, 492.18157958984375, 492.18157958984375, 0.89999997615814208984, 1.7799999713897705078
1706113122327130, 47.3977414308226912, 8.5455950591133564842, 493.11334228515625, 493.11334228515625, 0.89999997615814208984, 1.7799999713897705078
1706113122451130, 47.39773930051936901, 8.5455944989223411312, 493.0936279296875, 493.0936279296875, 0.89999997615814208984, 1.7799999713897705078
1706113122575130, 47.397744033809566133, 8.5455986878179430732, 492.805572509765625, 492.805572509765625, 0.89999997615814208984, 1.7799999713897705078
1706113122703130, 47.397744186143427214, 8.5455972006039555566, 492.22052001953125, 492.22052001953125, 0.89999997615814208984, 1.7799999713897705078
1706113122827130, 47.397743315469426761, 8.545600042785377326, 491.984161376953125, 491.984161376953125, 0.89999997615814208984, 1.7799999713897705078
1706113122951130, 47.397738223219313625, 8.5455962111510181956, 493.1839599609375, 493.1839599609375, 0.89999997615814208984, 1.7799999713897705078
1706113123075130, 47.397744065673506952, 8.5455947638178990644, 492.491729736328125, 492.491729736328125, 0.89999997615814208984, 1.7799999713897705078
1706113123203130, 47.397739981332925652, 8.5455906442959062019, 492.532318115234375, 492.532318115234375, 0.89999997615814208984, 1.7799999713897705078
1706113123327130, 47.397743680407828037, 8.5455950569156318153, 492.615966796875, 492.615966796875, 0.89999997615814208984, 1.7799999713897705078
1706113123451130, 47.397740594341556175, 8.5455943274392378584, 492.8896484375, 492.8896484375, 0.89999997615814208984, 1.7799999713897705078
1706113123575130, 47.397741785894019984, 8.5455967065974434149, 492.904449462890625, 492.904449462890625, 0.89999997615814208984, 1.7799999713897705078
1706113123703130, 47.397741210589472871, 8.5455931974031074105, 493.240753173828125, 493.240753173828125, 0.89999997615814208984, 1.7799999713897705078
1706113123827130, 47.397740969009539924, 8.5455944078251668827, 491.640716552734375, 491.640716552734375, 0.89999997615814208984, 1.7799999713897705078
1706113123951130, 47.397741391762856722, 8.5455963578542686321, 493.0357666015625, 493.0357666015625, 0.89999997615814208984, 1.7799999713897705078
1706113124075130, 47.39773701364919134, 8.545593710107846519, 492.2215576171875, 492.2215576171875, 0.89999997615814208984, 1.7799999713897705078
1706113124203130, 47.397741657222475453, 8.5455965342191575473, 492.99932861328125, 492.99932861328125, 0.89999997615814208984, 1.7799999713897705078
1706113124327130, 47.397742659823649092, 8.5455952662280125764, 493.2171630859375, 493.2171630859375, 0.89999997615814208984, 1.7799999713897705078
1706113124451130, 47.397741590898419872, 8.5455952203763505537, 492.03680419921875, 492.03680419921875, 0.89999997615814208984, 1.7799999713897705078
1706113124575130, 47.397738792647594153, 8.5455970212423686405, 492.542022705078125, 492.542022705078125, 0.89999997615814208984, 1.7799999713897705078
1706113124703130, 47.397740713364633791, 8.5455949179932346738, 493.770538330078125, 493.770538330078125, 0.89999997615814208984, 1.7799999713897705078
1706113124827130, 47.397741229239436223, 8.5455983065539147248, 493.393951416015625, 493.393951416015625, 0.89999997615814208984, 1.7799999713897705078
1706113124951130, 47.397739342469719759, 8.5455972568761353614, 492.80792236328125, 492.80792236328125, 0.89999997615814208984, 1.7799999713897705078
1706113125075130, 47.397743553588703946, 8.5455954769782014324, 492.8531494140625, 492.8531494140625, 0.89999997615814208984, 1.7799999713897705078
1706113125203130, 47.397741830510597083, 8.5455985929865896367, 492.818328857421875, 492.818328857421875, 0.89999997615814208984, 1.7799999713897705078
1706113125327130, 47.397738423157399268, 8.5455957577722720941, 492.20867919921875, 492.20867919921875, 0.89999997615814208984, 1.7799999713897705078
1706113125688920, 47.39774189412322869, 8.5455970283151252431, 492.471435546875, 492.471435546875, 0.89999997615814208984, 1.7799999713897705078
1706113125814211, 47.397741120351447819, 8.5455977614177651702, 492.13897705078125, 492.13897705078125, 0.89999997615814208984, 1.7799999713897705078
1706113125943300, 47.397742297060858618, 8.5455953446457719735, 492.935943603515625, 492.935943603515625, 0.89999997615814208984, 1.7799999713897705078
1706113126069100, 47.397743193480081914, 8.5455966202463571335, 492.8651123046875, 492.8651123046875, 0.89999997615814208984, 1.7799999713897705078
1706113126194612, 47.397739542116696043, 8.5455955346118042115, 492.90374755859375, 492.90374755859375, 0.89999997615814208984, 1.7799999713897705078
1706113126320264, 47.397741620146234709, 8.5455927631247998733, 493.771270751953125, 493.771270751953125, 0.89999997615814208984, 1.7799999713897705078
1706113126449654, 47.397741531905474233, 8.5455998046355343689, 492.88592529296875, 492.88592529296875, 0.89999997615814208984, 1.7799999713897705078
1706113126574563, 47.397743858737314326, 8.5455977352333274411, 493.476226806640625, 493.476226806640625, 0.89999997615814208984, 1.7799999713897705078
1706113126699856, 47.397741892446191514, 8.5455950170785239806, 493.1246337890625, 493.1246337890625, 0.89999997615814208984, 1.7799999713897705078
1706113126825402, 47.397743311623997897, 8.5455933896220592771, 492.35052490234375, 492.35052490234375, 0.89999997615814208984, 1.7799999713897705078
1706113126954833, 47.397743123182365821, 8.5455953997828384416, 493.292877197265625, 493.292877197265625, 0.89999997615814208984, 1.7799999713897705078
1706113127080298, 47.397740188805279615, 8.5455963473846576761, 493.150238037109375, 493.150238037109375, 0.89999997615814208984, 1.7799999713897705078
1706113127204401, 47.397741510189199232, 8.5455980504026740618, 494.278228759765625, 494.278228759765625, 0.89999997615814208984, 1.7799999713897705078
1706113127328401, 47.397741665816397472, 8.5455959101374538989, 492.627410888671875, 492.627410888671875, 0.89999997615814208984, 1.7799999713897705078
1706113127456401, 47.397741534859413548, 8.5455947107513221539, 492.8050537109375, 492.8050537109375, 0.89999997615814208984, 1.7799999713897705078
1706113127580401, 47.397741382506758612, 8.5455935717128728157, 493.254486083984375, 493.254486083984375, 0.89999997615814208984, 1.7799999713897705078
1706113127704401, 47.397743342575068937, 8.5455994071242340482, 493.333648681640625, 493.333648681640625, 0.89999997615814208984, 1.7799999713897705078
1706113127828401, 47.397745604320249413, 8.5455956714937677532, 492.90765380859375, 492.90765380859375, 0.89999997615814208984, 1.7799999713897705078
1706113127956401, 47.397740782609275811, 8.5455965692206898865, 493.134735107421875, 493.134735107421875, 0.89999997615814208984, 1.7799999713897705078
1706113128080401, 47.397743286573650323, 8.5455974868783890486, 493.43603515625, 493.43603515625, 0.89999997615814208984, 1.7799999713897705078
1706113128204474, 47.397743657274233442, 8.5455953329041385302, 492.303985595703125, 492.303985595703125, 0.89999997615814208984, 1.7799999713897705078
1706113128328474, 47.397747420335655022, 8.5455972333145258091, 493.2958984375, 493.2958984375, 0.89999997615814208984, 1.7799999713897705078
1706113128456474, 47.397745355685160007, 8.5455953920439426952, 493.34173583984375, 493.34173583984375, 0.89999997615814208984, 1.7799999713897705078
1706113128580474, 47.397739522512111421, 8.5455978492924256074, 492.978179931640625, 492.978179931640625, 0.89999997615814208984, 1.7799999713897705078
1706113128704474, 47.39774637758036846, 8.5455970157654572716, 492.73046875, 492.73046875, 0.89999997615814208984, 1.7799999713897705078
1706113128828474, 47.397739004395795348, 8.5455922308710601243, 492.6075439453125, 492.6075439453125, 0.89999997615814208984, 1.7799999713897705078
1706113128956474, 47.397744366562626794, 8.5455957227401935228, 493.13812255859375, 493.13812255859375, 0.89999997615814208984, 1.7799999713897705078
1706113129080474, 47.397741876438360009, 8.5455963176631204448, 493.00994873046875, 493.00994873046875, 0.89999997615814208984, 1.7799999713897705078
1706113129204583, 47.397740487812640708, 8.5455944332048545675, 493.33599853515625, 493.33599853515625, 0.89999997615814208984, 1.7799999713897705078
1706113129328583, 47.39774403028852845, 8.5455969294210429865, 493.011871337890625, 493.011871337890625, 0.89999997615814208984, 1.7799999713897705078
1706113129456583, 47.397744984189962736, 8.5455982363670663915, 492.838348388671875, 492.838348388671875, 0.89999997615814208984, 1.7799999713897705078
1706113129580583, 47.397741038625639476, 8.5455935977088746114, 493.0283203125, 493.0283203125, 0.89999997615814208984, 1.7799999713897705078
1706113129704583, 47.397740177288433472, 8.5455985006647505742, 492.598388671875, 492.598388671875, 0.89999997615814208984, 1.7799999713897705078
1706113129828583, 47.397742154844870299, 8.5455962229430806332, 493.623016357421875, 493.623016357421875, 0.89999997615814208984, 1.7799999713897705078
1706113129956583, 47.397741129892956735, 8.5455973080687499532, 492.481414794921875, 492.481414794921875, 0.89999997615814208984, 1.7799999713897705078
1706113130080583, 47.397741869071204235, 8.5455976414874452729, 493.0443115234375, 493.0443115234375, 0.89999997615814208984, 1.7799999713897705078
1706113130204727, 47.397743595069428579, 8.5455970630318311976, 493.314361572265625, 493.314361572265625, 0.89999997615814208984, 1.7799999713897705078
1706113130328727, 47.397741671725057699, 8.5455996664182762856, 493.839630126953125, 493.839630126953125, 0.89999997615814208984, 1.7799999713897705078
1706113130456727, 47.397741028037913225, 8.5455987814952365511, 492.84686279296875, 492.84686279296875, 0.89999997615814208984, 1.7799999713897705078
1706113130580727, 47.397743286064702772, 8.5455945411146725377, 492.848236083984375, 492.848236083984375, 0.89999997615814208984, 1.7799999713897705078
1706113130704727, 47.397741392169358221, 8.5455984340995048143, 493.319244384765625, 493.319244384765625, 0.89999997615814208984, 1.7799999713897705078
1706113130828727, 47.397741402627950436, 8.5455949604032674927, 494.102203369140625, 494.102203369140625, 0.89999997615814208984, 1.7799999713897705078
1706113130956727, 47.397740113788536576, 8.5455985626675268207, 493.154998779296875, 493.154998779296875, 0.89999997615814208984, 1.7799999713897705078
1706113131080727, 47.397744169734181696, 8.5455974363049662657, 492.958282470703125, 492.958282470703125, 0.89999997615814208984, 1.7799999713897705078
1706113131204906, 47.397742297294399805, 8.5455968172375325054, 493.15594482421875, 493.15594482421875, 0.89999997615814208984, 1.7799999713897705078
1706113131328906, 47.397741831073325613, 8.5455967194250916918, 492.57843017578125, 492.57843017578125, 0.89999997615814208984, 1.7799999713897705078
1706113131456906, 47.397740798752359126, 8.5455946244060374539, 492.789703369140625, 492.789703369140625, 0.89999997615814208984, 1.7799999713897705078
1706113131580906, 47.397742036765521334, 8.5455940787000734815, 493.3319091796875, 493.3319091796875, 0.89999997615814208984, 1.7799999713897705078
1706113131704906, 47.397743606438517361, 8.5455953615162130177, 493.628448486328125, 493.628448486328125, 0.89999997615814208984, 1.7799999713897705078
1706113131828906, 47.397741951155396123, 8.5455989092394499806, 493.08941650390625, 493.08941650390625, 0.89999997615814208984, 1.7799999713897705078
1706113131956906, 47.397743036441163156, 8.5455975692957810708, 493.975006103515625, 493.975006103515625, 0.89999997615814208984, 1.7799999713897705078
1706113132080906, 47.397745730943647402, 8.5455939108146790062, 492.95068359375, 492.95068359375, 0.89999997615814208984, 1.7799999713897705078
1706113132205122, 47.397745043181053859, 8.5455972001827742446, 492.7095947265625, 492.7095947265625, 0.89999997615814208984, 1.7799999713897705078
1706113132329122, 47.39774453992683334, 8.5455980035191974054, 492.6063232421875, 492.6063232421875, 0.89999997615814208984, 1.7799999713897705078
